"load_extension('/home/s062372/lib/libsqlitefunctions,so')"

operation;implementation;count;"dur (µs)";"duration (µs) per op";"ops per ms"
access;partiallypersistent;258;68,608;0,265922480620155;3760,49440298508
access;partiallypersistent;258;58,88;0,228217054263566;4381,79347826087
access;partiallypersistent;258;34,304;0,132961240310078;7520,98880597015
access;partiallypersistent;258;69,12;0,267906976744186;3732,63888888889
access;partiallypersistent;258;40,448;0,15677519379845;6378,56012658228
access;partiallypersistent;258;32,0;0,124031007751938;8062,5
access;partiallypersistent;258;34,56;0,133953488372093;7465,27777777778
access;partiallypersistent;258;68,608;0,265922480620155;3760,49440298508
access;partiallypersistent;258;33,024;0,128;7812,5
access;partiallypersistent;258;67,84;0,262945736434109;3803,06603773585
access;partiallypersistent;563;150,528;0,267367673179396;3740,16794217687
access;partiallypersistent;563;134,656;0,239175843694494;4181,02423954373
access;partiallypersistent;563;101,888;0,180973357015986;5525,67525125628
access;partiallypersistent;563;79,36;0,140959147424512;7094,25403225807
access;partiallypersistent;563;149,504;0,265548845470693;3765,78553082192
access;partiallypersistent;563;145,408;0,258273534635879;3871,86399647887
access;partiallypersistent;563;154,368;0,274188277087034;3647,12893864013
access;partiallypersistent;563;93,44;0,165968028419183;6025,25684931507
access;partiallypersistent;563;150,272;0,26691296625222;3746,53960817717
access;partiallypersistent;563;129,28;0,229626998223801;4354,88861386139
access;partiallypersistent;1334;263,424;0,197469265367316;5064,07920310982
access;partiallypersistent;1334;188,672;0,141433283358321;7070,47150610584
access;partiallypersistent;1334;232,704;0,174440779610195;5732,60451045105
access;partiallypersistent;1334;344,064;0,25791904047976;3877,18563988095
access;partiallypersistent;1334;283,136;0,212245877061469;4711,51672694394
access;partiallypersistent;1334;346,112;0,259454272863568;3854,24371301775
access;partiallypersistent;1334;201,728;0,151220389805097;6612,86484771574
access;partiallypersistent;1334;175,616;0,131646176911544;7596,11880466472
access;partiallypersistent;1334;348,672;0,261373313343328;3825,9453010279
access;partiallypersistent;1334;199,936;0,149877061469265;6672,13508322663
access;partiallypersistent;3065;611,072;0,199370962479608;5015,77555509007
access;partiallypersistent;3065;402,688;0,131382707993475;7611,35171646535
access;partiallypersistent;3065;436,736;0,142491353996737;7017,96966588511
access;partiallypersistent;3065;478,976;0,156272756933116;6399,06801175842
access;partiallypersistent;3065;432,128;0,14098792822186;7092,80583530806
access;partiallypersistent;3065;474,112;0,154685807504078;6464,71719762419
access;partiallypersistent;3065;663,04;0,216326264274062;4622,6472007722
access;partiallypersistent;3065;788,48;0,257252854812398;3887,22605519481
access;partiallypersistent;3065;513,536;0,167548450244698;5968,42285643071
access;partiallypersistent;3065;577,024;0,188262316476346;5311,73746672582
access;partiallypersistent;7257;1155,328;0,159201874052639;6281,33309328606
access;partiallypersistent;7257;1104,128;0,152146617059391;6572,60752376536
access;partiallypersistent;7257;1097,728;0,151264709935235;6610,92729710821
access;partiallypersistent;7257;1176,576;0,162129805704837;6167,89735639687
access;partiallypersistent;7257;1156,096;0,159307702907538;6277,16037422498
access;partiallypersistent;7257;1180,928;0,162729502549263;6145,16719054845
access;partiallypersistent;7257;1008,64;0,138988562766984;7194,83661167513
access;partiallypersistent;7257;1040,128;0,143327545817831;6977,02590450406
access;partiallypersistent;7257;1098,752;0,1514058150751;6604,76613466915
access;partiallypersistent;7257;1208,832;0,166574617610583;6003,31559720458
access;partiallypersistent;17152;2769,408;0,161462686567164;6193,38140136809
access;partiallypersistent;17152;2323,456;0,135462686567164;7382,10665491406
access;partiallypersistent;17152;2433,024;0,141850746268657;7049,6632996633
access;partiallypersistent;17152;2393,6;0,13955223880597;7165,77540106952
access;partiallypersistent;17152;2468,096;0,14389552238806;6949,48656778343
access;partiallypersistent;17152;2491,648;0,145268656716418;6883,79739032159
access;partiallypersistent;17152;2649,6;0,154477611940298;6473,42995169082
access;partiallypersistent;17152;2504,704;0,146029850746269;6847,91496320523
access;partiallypersistent;17152;2650,112;0,154507462686567;6472,17928902628
access;partiallypersistent;17152;2269,696;0,132328358208955;7556,9591698624
access;partiallypersistent;39839;6292,736;0,157954165516203;6330,95048004557
access;partiallypersistent;39839;6648,832;0,166892542483496;5991,87947597413
access;partiallypersistent;39839;6381,824;0,160190366224052;6242,57265634402
access;partiallypersistent;39839;6189,056;0,155351690554482;6437,00751778624
access;partiallypersistent;39839;6746,624;0,169347222570848;5905,02746262427
access;partiallypersistent;39839;6396,672;0,160563066342027;6228,08235282347
access;partiallypersistent;39839;6572,288;0,164971209116695;6061,66376153936
access;partiallypersistent;39839;6468,864;0,162375160019077;6158,57745656734
access;partiallypersistent;39839;6615,296;0,166050754286001;6022,25508881235
access;partiallypersistent;39839;6603,776;0,165761590401365;6032,76065087611
access;partiallypersistent;92584;16009,728;0,17292110947896;5782,98394576098
access;partiallypersistent;92584;15570,176;0,168173507301478;5946,23978560037
access;partiallypersistent;92584;16178,944;0,174748811889743;5722,49956486653
access;partiallypersistent;92584;15681,792;0,16937907197788;5903,91710335145
access;partiallypersistent;92584;16195,328;0,174925775511968;5716,71039944359
access;partiallypersistent;92584;16405,76;0,177198652034909;5643,38378715768
access;partiallypersistent;92584;15705,6;0,169636222241424;5894,967400163
access;partiallypersistent;92584;15997,184;0,172785621705694;5787,51860327418
access;partiallypersistent;92584;16024,832;0,173084247818198;5777,53326836749
access;partiallypersistent;92584;18034,944;0,194795472219822;5133,58954704822
access;partiallypersistent;214613;38192,896;0,177961707818259;5619,18635339933
access;partiallypersistent;214613;38616,832;0,179937058798861;5557,49886474375
access;partiallypersistent;214613;39154,176;0,182440840023671;5481,22887326246
access;partiallypersistent;214613;40380,928;0,188156952281549;5314,71193529777
access;partiallypersistent;214613;38762,24;0,180614594642449;5536,65113264868
access;partiallypersistent;214613;39277,056;0,183013405525294;5464,08060726344
access;partiallypersistent;214613;39388,16;0,183531100166346;5448,66782302093
access;partiallypersistent;214613;39896,32;0,18589889708452;5379,26806281883
access;partiallypersistent;214613;39418,368;0,183671855852162;5444,49227324683
access;partiallypersistent;214613;40166,656;0,187158541188092;5343,06365956877
access;partiallypersistent;499807;96082,176;0,192238556082648;5201,8701158475
access;partiallypersistent;499807;97456,896;0,194989057776302;5128,49290829045
access;partiallypersistent;499807;98634,496;0,197345167234553;5067,26368835504
access;partiallypersistent;499807;98995,712;0,198067878200986;5048,77423377691
access;partiallypersistent;499807;97951,744;0,195979135946475;5102,5839825782
access;partiallypersistent;499807;97737,216;0,195549914266907;5113,78388351066
access;partiallypersistent;499807;97808,64;0,195692817427527;5110,04958253177
access;partiallypersistent;499807;98845,184;0,197766705948496;5056,46284193269
access;partiallypersistent;499807;99636,224;0,199349396867191;5016,31816155538
access;partiallypersistent;499807;97842,176;0,195759915327316;5108,29808200505
access;rollback_reorder_lazy;262;7196,928;27,4691908396947;36,4044214420375
access;rollback_reorder_lazy;262;8926,464;34,0704732824427;29,3509277581806
access;rollback_reorder_lazy;262;7470,592;28,5137099236641;35,0708484682338
access;rollback_reorder_lazy;262;7367,936;28,121893129771;35,5594836871547
access;rollback_reorder_lazy;262;5968,128;22,7791145038168;43,8998627375284
access;rollback_reorder_lazy;262;6304,0;24,0610687022901;41,5609137055838
access;rollback_reorder_lazy;262;5883,136;22,4547175572519;44,5340716243854
access;rollback_reorder_lazy;262;4978,432;19,0016488549618;52,6270118784388
access;rollback_reorder_lazy;262;5579,776;21,2968549618321;46,9552899614608
access;rollback_reorder_lazy;262;9127,68;34,8384732824428;28,7038984714626
access;rollback_reorder_lazy;563;10494,464;18,6402557726465;53,6473325364687
access;rollback_reorder_lazy;563;10352,64;18,3883481349911;54,3822638476756
access;rollback_reorder_lazy;563;11612,416;20,6259609236234;48,4825896695399
access;rollback_reorder_lazy;563;14230,272;25,2757939609236;39,5635445337939
access;rollback_reorder_lazy;563;14194,176;25,2116802841918;39,6641552140822
access;rollback_reorder_lazy;563;11601,664;20,6068632326821;48,5275215693197
access;rollback_reorder_lazy;563;10625,536;18,8730657193606;52,9855623283381
access;rollback_reorder_lazy;563;12501,504;22,2051580817052;45,0345814391612
access;rollback_reorder_lazy;563;12227,072;21,7177122557726;46,0453655625811
access;rollback_reorder_lazy;563;12940,544;22,9849804618117;43,5066717442482
access;rollback_reorder_lazy;1328;28670,464;21,5892048192771;46,3194456845903
access;rollback_reorder_lazy;1328;26476,032;19,9367710843373;50,1585736110305
access;rollback_reorder_lazy;1328;31846,912;23,9811084337349;41,6994903618913
access;rollback_reorder_lazy;1328;30158,08;22,7093975903614;44,0346335045202
access;rollback_reorder_lazy;1328;31153,664;23,4590843373494;42,627409732608
access;rollback_reorder_lazy;1328;26175,232;19,710265060241;50,7349848895322
access;rollback_reorder_lazy;1328;26841,856;20,2122409638554;49,4749692420673
access;rollback_reorder_lazy;1328;28968,192;21,8133975903614;45,8433857383989
access;rollback_reorder_lazy;1328;31140,864;23,4494457831325;42,6449311104535
access;rollback_reorder_lazy;1328;26967,04;20,3065060240964;49,2453009303209
access;rollback_reorder_lazy;3068;76816,64;25,0380182529335;39,9392631596487
access;rollback_reorder_lazy;3068;80413,696;26,2104615384615;38,1527047332832
access;rollback_reorder_lazy;3068;76354,304;24,8873220338983;40,1811009894085
access;rollback_reorder_lazy;3068;73082,624;23,8209335071708;41,9798829335958
access;rollback_reorder_lazy;3068;73437,952;23,9367509778357;41,7767641450568
access;rollback_reorder_lazy;3068;74883,328;24,4078644067797;40,9704013154971
access;rollback_reorder_lazy;3068;75929,088;24,7487249022164;40,4061220911807
access;rollback_reorder_lazy;3068;75403,008;24,5772516297262;40,6880319681676
access;rollback_reorder_lazy;3068;76331,776;24,8799791395046;40,1929597445761
access;rollback_reorder_lazy;3068;73274,368;23,8834315514994;41,8700301857261
access;rollback_reorder_lazy;7254;193738,496;26,7078158257513;37,4422231501167
access;rollback_reorder_lazy;7254;193378,816;26,6582321477805;37,5118647949525
access;rollback_reorder_lazy;7254;191511,04;26,4007499310725;37,8777119063214
access;rollback_reorder_lazy;7254;194668,544;26,8360275709953;37,2633392686186
access;rollback_reorder_lazy;7254;196967,936;27,1530102012683;36,8283292565953
access;rollback_reorder_lazy;7254;197703,168;27,2543655913979;36,6913695586304
access;rollback_reorder_lazy;7254;199950,592;27,5641841742487;36,2789623548601
access;rollback_reorder_lazy;7254;193821,952;26,7193206506755;37,4261012498729
access;rollback_reorder_lazy;7254;198886,144;27,4174447201544;36,4731290682573
access;rollback_reorder_lazy;7254;193379,328;26,6583027295285;37,5117654768146
access;rollback_reorder_lazy;17119;525367,296;30,6891346457153;32,5848223335166
access;rollback_reorder_lazy;17119;535309,312;31,2698938022081;31,9796417066625
access;rollback_reorder_lazy;17119;534562,816;31,2262875167942;32,0243000216461
access;rollback_reorder_lazy;17119;540666,112;31,5828092762428;31,6627945048644
access;rollback_reorder_lazy;17119;536558,848;31,3428849815994;31,9051676508743
access;rollback_reorder_lazy;17119;535901,44;31,3044827384777;31,9443067740217
access;rollback_reorder_lazy;17119;534862,848;31,2438137741691;32,0063359495106
access;rollback_reorder_lazy;17119;550497,024;32,1570783340148;31,0973524899564
access;rollback_reorder_lazy;17119;526866,432;30,7767061160115;32,4921060827804
access;rollback_reorder_lazy;17119;529834,752;30,9500994216952;32,3100739152724
access;rollback_reorder_lazy;39751;1353738,24;34,055451183618;29,3638746586637
access;rollback_reorder_lazy;39751;1365037,824;34,3397102965963;29,1208047873112
access;rollback_reorder_lazy;39751;1375219,2;34,5958390983875;28,9052101657685
access;rollback_reorder_lazy;39751;1369926,912;34,4627031269654;29,0168764857435
access;rollback_reorder_lazy;39751;1371447,04;34,5009443787578;28,984713839187
access;rollback_reorder_lazy;39751;1368266,24;34,4209262660059;29,052094422793
access;rollback_reorder_lazy;39751;1366520,32;34,3770048552238;29,0892125189913
access;rollback_reorder_lazy;39751;1379778,56;34,7105370934065;28,8096953760464
access;rollback_reorder_lazy;39751;1366126,08;34,3670871173052;29,0976071549706
access;rollback_reorder_lazy;39751;1372001,024;34,5148807325602;28,9730104457998
access;rollback_reorder_lazy;92447;8533994,24;92,312289636224;10,8327938126192
access;rollback_reorder_lazy;92447;8564771,072;92,6452028946315;10,7938670190764
access;rollback_reorder_lazy;92447;8612740,352;93,1640870120177;10,7337497964318
access;rollback_reorder_lazy;92447;8617150,72;93,211794000887;10,7282561259414
access;rollback_reorder_lazy;92447;8632539,136;93,3782506300908;10,7091318722751
access;rollback_reorder_lazy;92447;8639868,672;93,457534284509;10,7000468999721
access;rollback_reorder_lazy;92447;8561672,448;92,6116850519757;10,7977735146356
access;rollback_reorder_lazy;92447;8610714,112;93,1421691563815;10,7362756209923
access;rollback_reorder_lazy;92447;8571102,208;92,7136868475992;10,7858940141576
access;rollback_reorder_lazy;92447;8610710,272;93,1421276190682;10,7362804089014
access;rollback_reorder_lazy;214790;66767334,656;310,84936289399;3,21699227783534
access;rollback_reorder_lazy;214790;67254391,808;313,116959858466;3,1936947792672
access;rollback_reorder_lazy;214790;67703326,72;315,207070720238;3,17251766502265
access;rollback_reorder_lazy;214790;67932479,744;316,273940797989;3,16181597977028
access;rollback_reorder_lazy;214790;67460780,544;314,077846007728;3,18392402619634
access;rollback_reorder_lazy;214790;67310178,816;313,376688002235;3,19104782929121
access;rollback_reorder_lazy;214790;67374627,072;313,676740406909;3,18799538245257
access;rollback_reorder_lazy;214790;67325901,568;313,449888579543;3,19030261753063
access;rollback_reorder_lazy;214790;67424777,216;313,910224945295;3,18562417065028
access;rollback_reorder_lazy;214790;66887960,576;311,410962223567;3,21119074569406
access;rollback_reorder_lazy;499953;496418522,88;992,930381215834;1,00711995414574
access;rollback_reorder_lazy;499953;496512971,264;993,1192957418;1,00692837636697
access;rollback_reorder_lazy;499953;497390209,024;994,873936198003;1,00515247572128
access;rollback_reorder_lazy;499953;496978024,192;994,049489035969;1,00598613150518
access;rollback_reorder_lazy;499953;497296096,0;994,685692455091;1,00534270029741
access;rollback_reorder_lazy;499953;494200788,992;988,494496466668;1,01163942093199
access;rollback_reorder_lazy;499953;498866642,944;997,827081633674;1,00217765022249
access;rollback_reorder_lazy;499953;496372923,648;992,839174178373;1,00721247308513
access;rollback_reorder_lazy;499953;496954899,712;994,003235728159;1,00603294240531
access;rollback_reorder_lazy;499953;497680368,896;995,454310497187;1,00456644715371
insert;partiallypersistent;262;379,392;1,44806106870229;690,578609986505
insert;partiallypersistent;262;339,456;1,29563358778626;771,823152337858
insert;partiallypersistent;262;190,208;0,725984732824427;1377,43943472409
insert;partiallypersistent;262;410,88;1,56824427480916;637,655763239875
insert;partiallypersistent;262;184,832;0,705465648854962;1417,50346260388
insert;partiallypersistent;262;188,928;0,721099236641221;1386,7716802168
insert;partiallypersistent;262;207,104;0,790473282442748;1265,06489493202
insert;partiallypersistent;262;381,696;1,45685496183206;686,410127431254
insert;partiallypersistent;262;186,88;0,713282442748092;1401,96917808219
insert;partiallypersistent;262;384,768;1,46858015267176;680,929807052562
insert;partiallypersistent;621;1273,088;2,05006119162641;487,790317715665
insert;partiallypersistent;621;1156,096;1,86166827697262;537,152624003543
insert;partiallypersistent;621;794,624;1,27958776167472;781,501691365979
insert;partiallypersistent;621;639,744;1,03018357487923;970,700780312125
insert;partiallypersistent;621;1257,472;2,02491465378422;493,847974348534
insert;partiallypersistent;621;1258,752;2,02697584541063;493,345790115924
insert;partiallypersistent;621;1269,504;2,04428985507246;489,167422867514
insert;partiallypersistent;621;881,92;1,42016103059581;704,14550072569
insert;partiallypersistent;621;1269,248;2,04387761674718;489,266085114966
insert;partiallypersistent;621;922,368;1,48529468599034;673,267069109076
insert;partiallypersistent;1387;2881,792;2,07771593366979;481,297748067869
insert;partiallypersistent;1387;2157,312;1,55537995674117;642,929719947787
insert;partiallypersistent;1387;2474,496;1,78406344628695;560,518182288434
insert;partiallypersistent;1387;4083,456;2,94409228550829;339,66326562598
insert;partiallypersistent;1387;3206,144;2,31156741167988;432,606894762057
insert;partiallypersistent;1387;4221,952;3,04394520547945;328,521025345622
insert;partiallypersistent;1387;2416,896;1,74253496755588;573,876575574621
insert;partiallypersistent;1387;2052,096;1,47952126892574;675,894305139721
insert;partiallypersistent;1387;4237,312;3,05501946647441;327,330156476559
insert;partiallypersistent;1387;2291,712;1,65227974044701;605,224391197498
insert;partiallypersistent;3210;7760,384;2,41756510903427;413,639325064327
insert;partiallypersistent;3210;4982,784;1,5522691588785;644,218172009864
insert;partiallypersistent;3210;5612,032;1,74829657320872;571,985334367302
insert;partiallypersistent;3210;6023,936;1,87661557632399;532,874187242361
insert;partiallypersistent;3210;5086,976;1,5847277258567;631,02322479996
insert;partiallypersistent;3210;5641,728;1,7575476635514;568,97461203376
insert;partiallypersistent;3210;7982,848;2,48686853582555;402,112128403297
insert;partiallypersistent;3210;8224,0;2,5619937694704;390,321011673152
insert;partiallypersistent;3210;6924,032;2,15701931464174;463,602710097238
insert;partiallypersistent;3210;6955,776;2,16690841121495;461,486971403335
insert;partiallypersistent;7382;19914,24;2,69767542671363;370,689516647384
insert;partiallypersistent;7382;18872,32;2,55653210512056;391,154876559957
insert;partiallypersistent;7382;18387,712;2,49088485505283;401,463760145906
insert;partiallypersistent;7382;20011,52;2,71085342725549;368,887520788026
insert;partiallypersistent;7382;20095,232;2,72219344351124;367,35082232442
insert;partiallypersistent;7382;20151,808;2,7298574911948;366,319488554079
insert;partiallypersistent;7382;17518,848;2,37318450284476;421,37473879561
insert;partiallypersistent;7382;18347,008;2,48537090219453;402,354432940783
insert;partiallypersistent;7382;18982,144;2,57140937415335;388,891792202187
insert;partiallypersistent;7382;19994,624;2,70856461663506;369,199240755915
insert;partiallypersistent;17029;50129,664;2,94378201890892;339,699065208177
insert;partiallypersistent;17029;46825,728;2,74976381466909;363,667597437033
insert;partiallypersistent;17029;47134,72;2,76790886135416;361,283571855312
insert;partiallypersistent;17029;48046,848;2,82147207704504;354,424914616668
insert;partiallypersistent;17029;48705,536;2,86015244582771;349,631713323102
insert;partiallypersistent;17029;48401,408;2,84229302953785;351,828607961157
insert;partiallypersistent;17029;49016,576;2,87841775794233;347,413087360488
insert;partiallypersistent;17029;48029,952;2,82047988725116;354,549594386436
insert;partiallypersistent;17029;49535,744;2,90890504433613;343,771963937798
insert;partiallypersistent;17029;46316,8;2,7198778554231;367,663569158491
insert;partiallypersistent;39603;137714,688;3,47738019846981;287,572811405563
insert;partiallypersistent;39603;141037,824;3,56129141731687;280,797015132621
insert;partiallypersistent;39603;137801,216;3,47956508345327;287,392238977049
insert;partiallypersistent;39603;137258,496;3,46586107113098;288,528587694856
insert;partiallypersistent;39603;140770,816;3,55454930182057;281,329618775528
insert;partiallypersistent;39603;138927,104;3,50799444486529;285,063165212168
insert;partiallypersistent;39603;141347,84;3,56911951114815;280,181147444489
insert;partiallypersistent;39603;138223,104;3,49021801378683;286,515053228728
insert;partiallypersistent;39603;140294,912;3,54253243441153;282,283936284161
insert;partiallypersistent;39603;138492,672;3,49702477085069;285,957368199236
insert;partiallypersistent;92439;285617,92;3,08979889440604;323,645659207938
insert;partiallypersistent;92439;287682,816;3,11213682536592;321,322633326837
insert;partiallypersistent;92439;285677,568;3,09044416317788;323,578083666688
insert;partiallypersistent;92439;285374,464;3,08716520083515;323,921764772899
insert;partiallypersistent;92439;288978,176;3,12614995835091;319,882287581468
insert;partiallypersistent;92439;287201,536;3,10693036488928;321,861091996388
insert;partiallypersistent;92439;287538,432;3,11057488722293;321,483981661276
insert;partiallypersistent;92439;288077,056;3,11640169192657;320,882895998493
insert;partiallypersistent;92439;288178,688;3,11750114129318;320,76973020295
insert;partiallypersistent;92439;284405,248;3,07668027564123;325,025647909282
insert;partiallypersistent;215283;938840,064;4,36095773470269;229,307427596102
insert;partiallypersistent;215283;945317,376;4,39104516380764;227,73621374754
insert;partiallypersistent;215283;951398,912;4,41929419415374;226,280477394534
insert;partiallypersistent;215283;949474,56;4,41035548557016;226,739092409174
insert;partiallypersistent;215283;944477,952;4,38714599852287;227,938618941949
insert;partiallypersistent;215283;948794,368;4,40719596066573;226,901641979393
insert;partiallypersistent;215283;950076,672;4,41315232507908;226,595396292395
insert;partiallypersistent;215283;950199,04;4,41372073038744;226,56621501112
insert;partiallypersistent;215283;949048,832;4,40837795831533;226,840803909234
insert;partiallypersistent;215283;949265,664;4,40938515349563;226,788988756682
insert;partiallypersistent;500941;6393737,216;12,7634536123016;78,3487001540227
insert;partiallypersistent;500941;6441812,736;12,8594240359643;77,763980502025
insert;partiallypersistent;500941;6470154,496;12,9160010779713;77,4233444208625
insert;partiallypersistent;500941;6466360,32;12,9084269804228;77,4687730361429
insert;partiallypersistent;500941;6462277,376;12,9002764317554;77,5177187318553
insert;partiallypersistent;500941;6435223,552;12,8462704230638;77,8436049582633
insert;partiallypersistent;500941;6447517,952;12,8708130338703;77,6951694790721
insert;partiallypersistent;500941;6458430,72;12,8925975713707;77,5638884611276
insert;partiallypersistent;500941;6464878,848;12,9054696022086;77,4865255448635
insert;partiallypersistent;500941;6442045,696;12,85988908075;77,7611683678439
insert;rollback_reorder_lazy;260;868,096;3,33883076923077;299,506045414332
insert;rollback_reorder_lazy;260;1325,568;5,09833846153846;196,142332947084
insert;rollback_reorder_lazy;260;1205,76;4,63753846153846;215,631634819533
insert;rollback_reorder_lazy;260;1206,528;4,64049230769231;215,494377254403
insert;rollback_reorder_lazy;260;1023,744;3,93747692307692;253,969742435609
insert;rollback_reorder_lazy;260;1105,408;4,25156923076923;235,207271885132
insert;rollback_reorder_lazy;260;1058,048;4,06941538461538;245,735543188967
insert;rollback_reorder_lazy;260;869,376;3,34375384615385;299,06507656066
insert;rollback_reorder_lazy;260;740,864;2,84947692307692;350,941603317208
insert;rollback_reorder_lazy;260;1349,12;5,18892307692308;192,718216318786
insert;rollback_reorder_lazy;605;1037,312;1,7145652892562;583,238215695953
insert;rollback_reorder_lazy;605;1038,848;1,7171041322314;582,375862493839
insert;rollback_reorder_lazy;605;1181,952;1,95363966942149;511,865118042019
insert;rollback_reorder_lazy;605;1796,608;2,9696;336,745689655172
insert;rollback_reorder_lazy;605;1691,392;2,79568925619835;357,693544725291
insert;rollback_reorder_lazy;605;1304,576;2,15632396694215;463,752207613815
insert;rollback_reorder_lazy;605;1033,216;1,70779504132231;585,550359266601
insert;rollback_reorder_lazy;605;1363,456;2,25364628099174;443,725356740518
insert;rollback_reorder_lazy;605;1480,704;2,44744462809917;408,589427731674
insert;rollback_reorder_lazy;605;1616,896;2,67255537190083;374,173725459151
insert;rollback_reorder_lazy;1390;2180,096;1,56841438848921;637,586601690935
insert;rollback_reorder_lazy;1390;1826,048;1,3137035971223;761,206715267069
insert;rollback_reorder_lazy;1390;2679,296;1,92755107913669;518,792996369196
insert;rollback_reorder_lazy;1390;2457,856;1,76824172661871;565,533538173107
insert;rollback_reorder_lazy;1390;2323,968;1,67191942446043;598,114948226482
insert;rollback_reorder_lazy;1390;1838,592;1,32272805755396;756,013297131718
insert;rollback_reorder_lazy;1390;2098,432;1,50966330935252;662,399353421984
insert;rollback_reorder_lazy;1390;2035,968;1,46472517985612;682,721928831887
insert;rollback_reorder_lazy;1390;2627,84;1,89053237410072;528,95153433999
insert;rollback_reorder_lazy;1390;2210,304;1,59014676258993;628,872770442437
insert;rollback_reorder_lazy;3200;3823,872;1,19496;836,848095333735
insert;rollback_reorder_lazy;3200;4179,2;1,306;765,696784073507
insert;rollback_reorder_lazy;3200;3771,648;1,17864;848,435484965723
insert;rollback_reorder_lazy;3200;3266,048;1,02064;979,777394575952
insert;rollback_reorder_lazy;3200;3199,232;0,99976;1000,24005761383
insert;rollback_reorder_lazy;3200;3491,072;1,09096;916,623890885092
insert;rollback_reorder_lazy;3200;3759,616;1,17488;851,150755821871
insert;rollback_reorder_lazy;3200;3311,36;1,0348;966,370313103982
insert;rollback_reorder_lazy;3200;4921,6;1,538;650,195058517555
insert;rollback_reorder_lazy;3200;3285,76;1,0268;973,899493572264
insert;rollback_reorder_lazy;7444;6462,976;0,868212788823213;1151,79137289076
insert;rollback_reorder_lazy;7444;6582,784;0,88430736163353;1130,82853698374
insert;rollback_reorder_lazy;7444;6278,656;0,843451907576572;1185,60405284188
insert;rollback_reorder_lazy;7444;6489,344;0,871754970445997;1147,11132589057
insert;rollback_reorder_lazy;7444;6840,064;0,918869425040301;1088,29391070025
insert;rollback_reorder_lazy;7444;6439,168;0,865014508328855;1156,04997415815
insert;rollback_reorder_lazy;7444;6912,768;0,928636217087587;1076,84794282117
insert;rollback_reorder_lazy;7444;6614,784;0,88860612573885;1125,35798599017
insert;rollback_reorder_lazy;7444;6935,808;0,931731327243418;1073,27077104787
insert;rollback_reorder_lazy;7444;6534,4;0,877807630306287;1139,20176297747
insert;rollback_reorder_lazy;17164;22490,624;1,31033698438592;763,162462722244
insert;rollback_reorder_lazy;17164;23206,144;1,35202423677464;739,631711326104
insert;rollback_reorder_lazy;17164;23172,608;1,35007037986483;740,702125544091
insert;rollback_reorder_lazy;17164;23049,216;1,34288137963179;744,667410813452
insert;rollback_reorder_lazy;17164;23230,464;1,35344115590771;738,857390020277
insert;rollback_reorder_lazy;17164;23189,76;1,3510696807271;740,154274990341
insert;rollback_reorder_lazy;17164;23561,216;1,37271125611746;728,485320961363
insert;rollback_reorder_lazy;17164;23648,0;1,37776742018178;725,811907983762
insert;rollback_reorder_lazy;17164;22796,8;1,32817525052435;752,912689500281
insert;rollback_reorder_lazy;17164;23132,928;1,34775856443719;741,972654737005
insert;rollback_reorder_lazy;39786;59923,968;1,50615714070276;663,941346474252
insert;rollback_reorder_lazy;39786;60392,96;1,51794500578093;658,78539485397
insert;rollback_reorder_lazy;39786;60911,36;1,53097471472377;653,178651732616
insert;rollback_reorder_lazy;39786;61314,816;1,5411153672146;648,88068815211
insert;rollback_reorder_lazy;39786;60994,304;1,53305946815463;652,290417151084
insert;rollback_reorder_lazy;39786;60434,176;1,51898094807219;658,336104392323
insert;rollback_reorder_lazy;39786;60603,904;1,52324697129644;656,492360624161
insert;rollback_reorder_lazy;39786;60556,032;1,52204373397678;657,011344468541
insert;rollback_reorder_lazy;39786;60562,432;1,52220459458101;656,94191408958
insert;rollback_reorder_lazy;39786;60716,288;1,52607168350676;655,277213257833
insert;rollback_reorder_lazy;92447;201293,568;2,17739426914881;459,264550370532
insert;rollback_reorder_lazy;92447;201983,744;2,18485990892079;457,695248980037
insert;rollback_reorder_lazy;92447;202931,712;2,19511408699038;455,55718763167
insert;rollback_reorder_lazy;92447;202861,056;2,19434980042619;455,715857064256
insert;rollback_reorder_lazy;92447;203492,352;2,20117853472801;454,302086006653
insert;rollback_reorder_lazy;92447;203801,856;2,20452644217768;453,612159449618
insert;rollback_reorder_lazy;92447;201798,4;2,18285504126689;458,115624306238
insert;rollback_reorder_lazy;92447;203139,84;2,19736540936969;455,090444099986
insert;rollback_reorder_lazy;92447;202254,336;2,18778690492931;457,082907730591
insert;rollback_reorder_lazy;92447;202886,144;2,19462117753956;455,659505264194
insert;rollback_reorder_lazy;215031;333514,752;1,55100777097256;644,74209524621
insert;rollback_reorder_lazy;215031;336471,296;1,56475715594496;639,076802557327
insert;rollback_reorder_lazy;215031;337979,648;1,57177173523817;636,224699541672
insert;rollback_reorder_lazy;215031;340455,68;1,58328650287633;631,597628214046
insert;rollback_reorder_lazy;215031;339776,512;1,58012803735275;632,860107764012
insert;rollback_reorder_lazy;215031;337240,576;1,56833468662658;637,619003473651
insert;rollback_reorder_lazy;215031;337339,648;1,56879542019523;637,431743570207
insert;rollback_reorder_lazy;215031;338720,0;1,57521473647986;634,834081247048
insert;rollback_reorder_lazy;215031;337779,712;1,57084193441876;636,601288830515
insert;rollback_reorder_lazy;215031;334271,744;1,55452815640536;643,282011895089
insert;rollback_reorder_lazy;500884;1339487,744;2,67424741856398;373,936978702211
insert;rollback_reorder_lazy;500884;1340716,544;2,67670068119565;373,594256177091
insert;rollback_reorder_lazy;500884;1341653,76;2,67857180504867;373,333280860779
insert;rollback_reorder_lazy;500884;1339934,72;2,67513979284625;373,812240644082
insert;rollback_reorder_lazy;500884;1340777,472;2,67682232213447;373,577279198199
insert;rollback_reorder_lazy;500884;1324266,496;2,64385864990696;378,235046731863
insert;rollback_reorder_lazy;500884;1351482,88;2,6981953506201;370,618087296822
insert;rollback_reorder_lazy;500884;1338479,616;2,67223472101325;374,218623886761
insert;rollback_reorder_lazy;500884;1336226,048;2,66773553956605;374,849749972843
insert;rollback_reorder_lazy;500884;1345363,712;2,68597861381078;372,303783380178
modify;partiallypersistent;228;197,12;0,864561403508772;1156,65584415584
modify;partiallypersistent;228;172,8;0,757894736842105;1319,44444444444
modify;partiallypersistent;228;95,232;0,417684210526316;2394,15322580645
modify;partiallypersistent;228;199,936;0,876912280701754;1140,36491677337
modify;partiallypersistent;228;100,352;0,440140350877193;2272,00255102041
modify;partiallypersistent;228;97,28;0,426666666666667;2343,75
modify;partiallypersistent;228;99,072;0,434526315789474;2301,35658914729
modify;partiallypersistent;228;198,912;0,872421052631579;1146,23552123552
modify;partiallypersistent;228;104,192;0,456982456140351;2188,26781326781
modify;partiallypersistent;228;195,584;0,857824561403509;1165,73952879581
modify;partiallypersistent;560;551,424;0,984685714285714;1015,55246053853
modify;partiallypersistent;560;499,968;0,8928;1120,07168458781
modify;partiallypersistent;560;344,576;0,615314285714286;1625,18573551263
modify;partiallypersistent;560;269,056;0,480457142857143;2081,351094196
modify;partiallypersistent;560;551,424;0,984685714285714;1015,55246053853
modify;partiallypersistent;560;570,88;1,01942857142857;980,941704035874
modify;partiallypersistent;560;554,752;0,990628571428571;1009,46008306414
modify;partiallypersistent;560;369,664;0,660114285714286;1514,8891966759
modify;partiallypersistent;560;547,584;0,977828571428571;1022,67414679757
modify;partiallypersistent;560;405,76;0,724571428571429;1380,1261829653
modify;partiallypersistent;1367;1179,904;0,863133869787857;1158,56883271859
modify;partiallypersistent;1367;840,96;0,615186539868325;1625,52321156773
modify;partiallypersistent;1367;1064,448;0,778674469641551;1284,23370610871
modify;partiallypersistent;1367;1659,648;1,21408046817849;823,668633348758
modify;partiallypersistent;1367;1328,128;0,971564008778347;1029,26826329992
modify;partiallypersistent;1367;1721,6;1,25940014630578;794,028810408922
modify;partiallypersistent;1367;978,944;0,716125822970007;1396,4026542887
modify;partiallypersistent;1367;834,816;0,61069202633504;1637,48658386998
modify;partiallypersistent;1367;1717,76;1,25659107534748;795,803837555887
modify;partiallypersistent;1367;949,504;0,694589612289685;1439,6990428687
modify;partiallypersistent;3167;3147,264;0,99376823492264;1006,27084350089
modify;partiallypersistent;3167;2045,952;0,646022102936533;1547,9346534034
modify;partiallypersistent;3167;2301,44;0,726694032207136;1376,09496662959
modify;partiallypersistent;3167;2458,112;0,776164193242817;1288,38718496147
modify;partiallypersistent;3167;2099,456;0,662916324597411;1508,48600780393
modify;partiallypersistent;3167;2321,152;0,732918219134828;1364,40870740046
modify;partiallypersistent;3167;3213,568;1,01470413640669;985,508942085557
modify;partiallypersistent;3167;3403,264;1,07460183138617;930,577234090567
modify;partiallypersistent;3167;2867,712;0,905497947584465;1104,36473397608
modify;partiallypersistent;3167;2861,568;0,90355794126934;1106,73588745751
modify;partiallypersistent;7457;7460,096;1,00041518036744;999,584991935761
modify;partiallypersistent;7457;7082,24;0,949743864824997;1052,91546177481
modify;partiallypersistent;7457;6898,688;0,925129140404989;1080,93017107021
modify;partiallypersistent;7457;7487,232;1,00405417728309;995,962192703525
modify;partiallypersistent;7457;7507,456;1,00676625989004;993,279214690036
modify;partiallypersistent;7457;7521,536;1,00865441866702;991,419837650182
modify;partiallypersistent;7457;6599,424;0,884997183854097;1129,94709841344
modify;partiallypersistent;7457;6830,848;0,916031648115864;1091,66533935465
modify;partiallypersistent;7457;7124,224;0,955374010996379;1046,71049085486
modify;partiallypersistent;7457;7548,928;1,01232774574226;987,822376899078
modify;partiallypersistent;17126;18138,624;1,05912787574448;944,173053038643
modify;partiallypersistent;17126;16766,976;0,979036319047063;1021,41256717968
modify;partiallypersistent;17126;16807,168;0,981383160107439;1018,97000137084
modify;partiallypersistent;17126;17305,088;1,01045708279808;989,651136128288
modify;partiallypersistent;17126;17532,672;1,02374588345206;976,804904580431
modify;partiallypersistent;17126;17480,96;1,02072638094126;979,694479021747
modify;partiallypersistent;17126;17545,472;1,02449328506365;976,092293213885
modify;partiallypersistent;17126;17176,832;1,00296811865001;997,040665007377
modify;partiallypersistent;17126;17864,192;1,04310358519211;958,677560115789
modify;partiallypersistent;17126;16546,816;0,966181011327806;1035,00274614766
modify;partiallypersistent;39769;46821,12;1,17732706379341;849,381646573171
modify;partiallypersistent;39769;48248,576;1,21322074983027;824,252305394464
modify;partiallypersistent;39769;46987,264;1,18150479016319;846,378286677854
modify;partiallypersistent;39769;46551,04;1,170535844502;854,309592223933
modify;partiallypersistent;39769;47788,032;1,20164027257412;832,195810030428
modify;partiallypersistent;39769;47186,688;1,18651934924187;842,801257846281
modify;partiallypersistent;39769;49028,352;1,23282838391712;811,142907679214
modify;partiallypersistent;39769;46774,784;1,17616193517564;850,223060356623
modify;partiallypersistent;39769;47968,0;1,20616560637683;829,073549032689
modify;partiallypersistent;39769;47036,672;1,18274716487717;845,489238694438
modify;partiallypersistent;91985;100783,104;1,09564715986302;912,702589513417
modify;partiallypersistent;91985;101397,248;1,10232372669457;907,174522132987
modify;partiallypersistent;91985;100669,184;1,09440869707017;913,73542870875
modify;partiallypersistent;91985;100365,824;1,09111076806001;916,497233161758
modify;partiallypersistent;91985;101653,248;1,1051067891504;904,889925406023
modify;partiallypersistent;91985;101000,448;1,09800997988803;910,738534545906
modify;partiallypersistent;91985;101582,336;1,10433588085014;905,521605646084
modify;partiallypersistent;91985;101861,888;1,10737498505191;903,036472286868
modify;partiallypersistent;91985;101509,632;1,10354549111268;906,170165211514
modify;partiallypersistent;91985;100345,6;1,090890906126;916,68194719051
modify;partiallypersistent;214523;305439,232;1,42380645431958;702,34265125444
modify;partiallypersistent;214523;307387,904;1,4328901982538;697,890181130875
modify;partiallypersistent;214523;309004,032;1,44042378672683;694,240132115817
modify;partiallypersistent;214523;308328,192;1,43727335530456;695,761871817417
modify;partiallypersistent;214523;306830,08;1,43028989898519;699,158961207454
modify;partiallypersistent;214523;308728,064;1,43913736056274;694,860704338171
modify;partiallypersistent;214523;309062,912;1,44069825613104;694,107871474401
modify;partiallypersistent;214523;309345,024;1,4420133225808;693,474869018743
modify;partiallypersistent;214523;308013,824;1,43580792735511;696,471986919652
modify;partiallypersistent;214523;309640,96;1,44339282967328;692,812087909817
modify;partiallypersistent;499444;1893095,68;3,79040629179648;263,823960551217
modify;partiallypersistent;499444;1907717,12;3,8196817260794;261,801917466673
modify;partiallypersistent;499444;1917612,544;3,83949460600187;260,450945402243
modify;partiallypersistent;499444;1915030,528;3,83432482520563;260,802108737976
modify;partiallypersistent;499444;1910898,176;3,82605092062373;261,366098033263
modify;partiallypersistent;499444;1906771,456;3,81778829258135;261,931758223257
modify;partiallypersistent;499444;1910412,544;3,82507857537582;261,432537997405
modify;partiallypersistent;499444;1913233,408;3,83072658396137;261,047082865908
modify;partiallypersistent;499444;1916480,768;3,83722853412995;260,604754474635
modify;partiallypersistent;499444;1910676,224;3,82560652245297;261,396459393007
modify;rollback_reorder_lazy;229;825,6;3,60524017467249;277,374031007752
modify;rollback_reorder_lazy;229;1172,224;5,11888209606987;195,355153963748
modify;rollback_reorder_lazy;229;1051,648;4,59234934497817;217,753468841285
modify;rollback_reorder_lazy;229;1036,8;4,52751091703057;220,871913580247
modify;rollback_reorder_lazy;229;803,072;3,50686462882096;285,155004781639
modify;rollback_reorder_lazy;229;988,416;4,31622707423581;231,683825433825
modify;rollback_reorder_lazy;229;864,512;3,7751615720524;264,889324844537
modify;rollback_reorder_lazy;229;731,392;3,19385152838428;313,101592579629
modify;rollback_reorder_lazy;229;656,896;2,86854148471616;348,609216679657
modify;rollback_reorder_lazy;229;1187,584;5,18595633187773;192,828465186463
modify;rollback_reorder_lazy;557;990,208;1,77775224416517;562,508079110652
modify;rollback_reorder_lazy;557;969,984;1,7414434470377;574,236276062286
modify;rollback_reorder_lazy;557;1062,656;1,90782046678636;524,158335340882
modify;rollback_reorder_lazy;557;1448,704;2,60090484739677;384,481578017318
modify;rollback_reorder_lazy;557;1515,52;2,72086175942549;367,530616554054
modify;rollback_reorder_lazy;557;1149,184;2,06316696588869;484,691746491424
modify;rollback_reorder_lazy;557;975,36;1,75109515260323;571,071194225722
modify;rollback_reorder_lazy;557;1346,048;2,41660323159785;413,803965386078
modify;rollback_reorder_lazy;557;1275,648;2,2902118491921;436,640828817981
modify;rollback_reorder_lazy;557;1396,736;2,50760502692998;398,786885997067
modify;rollback_reorder_lazy;1363;1795,84;1,31756419662509;758,976300784034
modify;rollback_reorder_lazy;1363;1346,816;0,988126192223037;1012,0164892606
modify;rollback_reorder_lazy;1363;2075,648;1,52285253118122;656,662401332018
modify;rollback_reorder_lazy;1363;1896,96;1,39175348495965;718,518049932524
modify;rollback_reorder_lazy;1363;1731,072;1,27004548789435;787,373373262349
modify;rollback_reorder_lazy;1363;1360,64;0,998268525311812;1001,73447789276
modify;rollback_reorder_lazy;1363;1499,136;1,09987967718269;909,190360314208
modify;rollback_reorder_lazy;1363;1510,144;1,10795597945708;902,56293439566
modify;rollback_reorder_lazy;1363;1993,984;1,4629376375642;683,556136859674
modify;rollback_reorder_lazy;1363;1619,712;1,18834336023478;841,5076260471
modify;rollback_reorder_lazy;3161;3272,96;1,03541917114837;965,792432538131
modify;rollback_reorder_lazy;3161;3501,312;1,10765960139196;902,804434452
modify;rollback_reorder_lazy;3161;3219,968;1,01865485605821;981,686774526952
modify;rollback_reorder_lazy;3161;2716,416;0,859353369186966;1163,66565356705
modify;rollback_reorder_lazy;3161;2709,76;0,857247706422018;1166,52397260274
modify;rollback_reorder_lazy;3161;3070,976;0,971520404935147;1029,31445898633
modify;rollback_reorder_lazy;3161;3099,136;0,980428978171465;1019,96169254915
modify;rollback_reorder_lazy;3161;2798,592;0,885350205631129;1129,49654683498
modify;rollback_reorder_lazy;3161;3140,608;0,993548876937678;1006,49301027062
modify;rollback_reorder_lazy;3161;2810,368;0,889075608984499;1124,76373200947
modify;rollback_reorder_lazy;7355;6224,128;0,846244459551326;1181,69163616172
modify;rollback_reorder_lazy;7355;6200,32;0,843007477906186;1186,22909785301
modify;rollback_reorder_lazy;7355;5988,864;0,814257511896669;1228,11271052407
modify;rollback_reorder_lazy;7355;6149,888;0,836150645819171;1195,95673937477
modify;rollback_reorder_lazy;7355;6476,544;0,880563426240653;1135,63653701727
modify;rollback_reorder_lazy;7355;6127,104;0,833052889191027;1200,403975516
modify;rollback_reorder_lazy;7355;6584,576;0,895251665533651;1117,00434469888
modify;rollback_reorder_lazy;7355;6140,672;0,834897620666213;1197,75164672531
modify;rollback_reorder_lazy;7355;6847,744;0,931032494901428;1074,07636734084
modify;rollback_reorder_lazy;7355;6122,496;0,832426376614548;1201,30744062552
modify;rollback_reorder_lazy;16959;29335,808;1,72980765375317;578,098956742559
modify;rollback_reorder_lazy;16959;30017,28;1,76999115513886;564,974574645005
modify;rollback_reorder_lazy;16959;30127,872;1,77651229435698;562,900692090036
modify;rollback_reorder_lazy;16959;29986,304;1,76816463234861;565,558196168491
modify;rollback_reorder_lazy;16959;30004,48;1,76923639365529;565,215594471226
modify;rollback_reorder_lazy;16959;30058,496;1,77242148711599;564,199885450024
modify;rollback_reorder_lazy;16959;30030,592;1,77077610708179;564,724131978484
modify;rollback_reorder_lazy;16959;30667,52;1,80833303850463;552,995481864852
modify;rollback_reorder_lazy;16959;29410,304;1,73420036558759;576,634637982661
modify;rollback_reorder_lazy;16959;29878,784;1,76182463588655;567,593379971555
modify;rollback_reorder_lazy;39762;76175,104;1,91577646999648;521,981565000555
modify;rollback_reorder_lazy;39762;76827,392;1,93218127860772;517,549782244333
modify;rollback_reorder_lazy;39762;77421,568;1,94712459131834;513,577818522095
modify;rollback_reorder_lazy;39762;77447,936;1,94778773703536;513,402965315951
modify;rollback_reorder_lazy;39762;77051,648;1,93782123635632;516,043472554928
modify;rollback_reorder_lazy;39762;76729,344;1,92971540666968;518,2111292389
modify;rollback_reorder_lazy;39762;76707,584;1,92916815049545;518,358132619586
modify;rollback_reorder_lazy;39762;77328,64;1,94478748553896;514,194999420655
modify;rollback_reorder_lazy;39762;76786,176;1,93114471103063;517,827583965114
modify;rollback_reorder_lazy;39762;76884,736;1,93362345958453;517,163770972693
modify;rollback_reorder_lazy;92320;259198,72;2,80761178509532;356,174598393079
modify;rollback_reorder_lazy;92320;260869,888;2,8257136915078;353,892895449857
modify;rollback_reorder_lazy;92320;261780,48;2,83557712305026;352,661894423908
modify;rollback_reorder_lazy;92320;261790,208;2,83568249566724;352,648789675128
modify;rollback_reorder_lazy;92320;261425,664;2,83173379549393;353,140539407791
modify;rollback_reorder_lazy;92320;262918,144;2,84790017331022;351,135903347926
modify;rollback_reorder_lazy;92320;260583,68;2,82261351819757;354,281588163925
modify;rollback_reorder_lazy;92320;261831,168;2,83612616984402;352,593622467437
modify;rollback_reorder_lazy;92320;260765,952;2,82458786828423;354,033949953712
modify;rollback_reorder_lazy;92320;262259,456;2,84076533795494;352,017812467361
modify;rollback_reorder_lazy;214999;429361,664;1,9970402839083;500,741025635675
modify;rollback_reorder_lazy;214999;432950,784;2,01373394294857;496,589931108659
modify;rollback_reorder_lazy;214999;435421,184;2,0252242289499;493,772484895912
modify;rollback_reorder_lazy;214999;437838,592;2,03646803938623;491,046252953417
modify;rollback_reorder_lazy;214999;437986,304;2,03715507513988;490,880646350074
modify;rollback_reorder_lazy;214999;433870,08;2,01800975818492;495,537742542652
modify;rollback_reorder_lazy;214999;434796,288;2,02231772240801;494,482142405043
modify;rollback_reorder_lazy;214999;435475,968;2,02547903943739;493,710367043722
modify;rollback_reorder_lazy;214999;434749,696;2,02210101442332;494,535135914161
modify;rollback_reorder_lazy;214999;430719,488;2,00335577374778;499,16246185731
modify;rollback_reorder_lazy;499689;1597355,008;3,1966983623814;312,822758558628
modify;rollback_reorder_lazy;499689;1600493,568;3,20297938918007;312,20931467061
modify;rollback_reorder_lazy;499689;1599799,808;3,20159100560549;312,344705569561
modify;rollback_reorder_lazy;499689;1603286,272;3,2085682734661;311,665489018795
modify;rollback_reorder_lazy;499689;1601699,328;3,20539241007907;311,974283353136
modify;rollback_reorder_lazy;499689;1585768,448;3,17351081972987;315,108426220875
modify;rollback_reorder_lazy;499689;1612742,4;3,22749230021073;309,838074574092
modify;rollback_reorder_lazy;499689;1597010,688;3,19600929378073;312,890204025986
modify;rollback_reorder_lazy;499689;1601923,072;3,20584017658984;311,930709241948
modify;rollback_reorder_lazy;499689;1605734,4;3,21346757683279;311,190318897073
remove;partiallypersistent;252;227,84;0,904126984126984;1106,0393258427
remove;partiallypersistent;252;200,448;0,795428571428571;1257,18390804598
remove;partiallypersistent;252;113,664;0,451047619047619;2217,06081081081
remove;partiallypersistent;252;239,616;0,950857142857143;1051,68269230769
remove;partiallypersistent;252;110,336;0,43784126984127;2283,93271461717
remove;partiallypersistent;252;114,176;0,453079365079365;2207,11883408072
remove;partiallypersistent;252;108,8;0,431746031746032;2316,17647058824
remove;partiallypersistent;252;225,536;0,894984126984127;1117,33825198638
remove;partiallypersistent;252;115,2;0,457142857142857;2187,5
remove;partiallypersistent;252;226,56;0,899047619047619;1112,28813559322
remove;partiallypersistent;583;656,384;1,1258730703259;888,19959048362
remove;partiallypersistent;583;591,104;1,01390051457976;986,290060632308
remove;partiallypersistent;583;409,344;0,702133790737564;1424,22998749218
remove;partiallypersistent;583;315,904;0,541859348198971;1845,49736628849
remove;partiallypersistent;583;639,488;1,09689193825043;911,666833466774
remove;partiallypersistent;583;641,28;1,09996569468268;909,119261477046
remove;partiallypersistent;583;651,776;1,11796912521441;894,479084838963
remove;partiallypersistent;583;427,264;0,732871355060034;1364,49595566207
remove;partiallypersistent;583;640,768;1,09908747855918;909,845685177787
remove;partiallypersistent;583;472,576;0,810593481989708;1233,66400325027
remove;partiallypersistent;1327;1357,312;1,02284250188395;977,667625424368
remove;partiallypersistent;1327;951,296;0,71687716654107;1394,9391146394
remove;partiallypersistent;1327;1201,408;0,905356443104747;1104,53734285105
remove;partiallypersistent;1327;1870,592;1,40963978899774;709,40108799781
remove;partiallypersistent;1327;1484,544;1,11872192916353;893,8771770995
remove;partiallypersistent;1327;1853,44;1,3967143933685;715,965987569061
remove;partiallypersistent;1327;1076,224;0,811020346646571;1233,01468839201
remove;partiallypersistent;1327;923,136;0,695656367746797;1437,49133388796
remove;partiallypersistent;1327;1878,016;1,41523436322532;706,596748909488
remove;partiallypersistent;1327;1055,488;0,795394122079879;1257,23835799175
remove;partiallypersistent;3157;3495,424;1,10719797275895;903,180844441189
remove;partiallypersistent;3157;2275,84;0,720886917960089;1387,18011811024
remove;partiallypersistent;3157;2546,944;0,80676084890719;1239,52470097497
remove;partiallypersistent;3157;2714,368;0,859793474817865;1163,07000377252
remove;partiallypersistent;3157;2349,056;0,744078555590751;1343,94412053182
remove;partiallypersistent;3157;2589,696;0,820302819132087;1219,06200573349
remove;partiallypersistent;3157;3670,272;1,16258219828952;860,154233800656
remove;partiallypersistent;3157;3839,744;1,21626354133671;822,190229348623
remove;partiallypersistent;3157;3065,856;0,971129553373456;1029,72872828991
remove;partiallypersistent;3157;3184,64;1,00875514729173;991,320840032154
remove;partiallypersistent;7221;7965,696;1,1031292064811;906,512123987659
remove;partiallypersistent;7221;7566,848;1,04789475141947;954,294311184789
remove;partiallypersistent;7221;7313,664;1,01283257166597;987,330016801428
remove;partiallypersistent;7221;8022,272;1,11096413239164;900,119068513259
remove;partiallypersistent;7221;8030,976;1,11216950560864;899,143516304868
remove;partiallypersistent;7221;8099,84;1,12170613488437;891,499091340076
remove;partiallypersistent;7221;6998,528;0,96919097077967;1031,78839893189
remove;partiallypersistent;7221;7259,648;1,00535216728985;994,676325904507
remove;partiallypersistent;7221;7559,68;1,04690209112311;955,199161869286
remove;partiallypersistent;7221;8034,048;1,11259493144994;898,799708440876
remove;partiallypersistent;16912;19693,312;1,16445789971618;858,768702796158
remove;partiallypersistent;16912;18032,128;1,06623273415326;937,88154121355
remove;partiallypersistent;16912;17976,064;1,06291769157994;940,806619291075
remove;partiallypersistent;16912;18556,928;1,09726395458846;911,357741971085
remove;partiallypersistent;16912;18785,28;1,11076631977294;900,279367675116
remove;partiallypersistent;16912;18736,896;1,10790539262062;902,604145318414
remove;partiallypersistent;16912;19006,464;1,12384484389782;889,802542966435
remove;partiallypersistent;16912;18542,592;1,09641627246925;912,062348133422
remove;partiallypersistent;16912;19238,912;1,13758940397351;879,051788375559
remove;partiallypersistent;16912;17815,552;1,05342667928098;949,28296355903
remove;partiallypersistent;39529;50589,184;1,27979923600395;781,372555841185
remove;partiallypersistent;39529;52391,936;1,32540504439778;754,486339271754
remove;partiallypersistent;39529;50635,008;1,28095848617471;780,665424206115
remove;partiallypersistent;39529;50201,344;1,26998770522907;787,409197650167
remove;partiallypersistent;39529;51848,448;1,31165594879709;762,395047967492
remove;partiallypersistent;39529;50892,8;1,28748007791748;776,711047535211
remove;partiallypersistent;39529;52033,28;1,31633180702775;759,686877321591
remove;partiallypersistent;39529;50614,016;1,28042743302386;780,989202674611
remove;partiallypersistent;39529;51375,616;1,29969430038706;769,411699122012
remove;partiallypersistent;39529;50942,464;1,2887364719573;775,95382900992
remove;partiallypersistent;92367;108884,736;1,17882724349605;848,300720497683
remove;partiallypersistent;92367;109511,936;1,18561754739247;843,442307512489
remove;partiallypersistent;92367;108773,888;1,17762716121559;849,165196706033
remove;partiallypersistent;92367;109166,08;1,1818731798153;846,114470722041
remove;partiallypersistent;92367;109304,832;1,18337536133035;845,040409558472
remove;partiallypersistent;92367;109716,48;1,18783201792848;841,869881352373
remove;partiallypersistent;92367;113577,984;1,2296381175095;813,247398369036
remove;partiallypersistent;92367;109298,432;1,18330607251508;845,089891134028
remove;partiallypersistent;92367;109560,32;1,1861413708359;843,069826740192
remove;partiallypersistent;92367;108140,032;1,17076479695129;854,1425251289
remove;partiallypersistent;215087;327305,984;1,52173764104758;657,143500315595
remove;partiallypersistent;215087;329312,512;1,53106655446401;653,139471360262
remove;partiallypersistent;215087;332474,88;1,54576929335571;646,927070099251
remove;partiallypersistent;215087;330558,976;1,53686171642173;650,676628427116
remove;partiallypersistent;215087;329000,192;1,52961449088043;653,759496894154
remove;partiallypersistent;215087;330388,736;1,53607022274707;651,011903747227
remove;partiallypersistent;215087;330980,096;1,53881962182745;649,848744983142
remove;partiallypersistent;215087;331568,128;1,54155354809914;648,696246220626
remove;partiallypersistent;215087;330566,656;1,53689742290329;650,661511365502
remove;partiallypersistent;215087;332387,584;1,54536342968194;647,096974596981
remove;partiallypersistent;499808;1956336,384;3,91417581151162;255,481625802038
remove;partiallypersistent;499808;1972128,512;3,945772200525;253,435816661425
remove;partiallypersistent;499808;1980484,096;3,96248978807862;252,366580983643
remove;partiallypersistent;499808;1979292,16;3,96010500032012;252,518556937042
remove;partiallypersistent;499808;1980438,272;3,96239810487227;252,372420320506
remove;partiallypersistent;499808;1972210,688;3,94593661566041;253,425256764454
remove;partiallypersistent;499808;1973699,84;3,94891606376849;253,23404798979
remove;partiallypersistent;499808;1978126,592;3,95777296882003;252,667347995492
remove;partiallypersistent;499808;1980190,208;3,96190178628593;252,404035723825
remove;partiallypersistent;499808;1970810,624;3,94313541199821;253,605290083924
remove;rollback_reorder_lazy;249;741,12;2,97638554216867;335,977979274611
remove;rollback_reorder_lazy;249;1164,8;4,67791164658635;213,770604395604
remove;rollback_reorder_lazy;249;1046,528;4,20292369477912;237,929611056752
remove;rollback_reorder_lazy;249;1043,712;4,19161445783133;238,571559970567
remove;rollback_reorder_lazy;249;782,592;3,14293975903614;318,173454367027
remove;rollback_reorder_lazy;249;877,312;3,52334136546185;283,821491100088
remove;rollback_reorder_lazy;249;829,696;3,3321124497992;300,109919777846
remove;rollback_reorder_lazy;249;691,2;2,77590361445783;360,243055555556
remove;rollback_reorder_lazy;249;667,136;2,67926104417671;373,237240982348
remove;rollback_reorder_lazy;249;1170,944;4,70258634538153;212,648939658942
remove;rollback_reorder_lazy;602;790,272;1,31274418604651;761,763038548753
remove;rollback_reorder_lazy;602;748,8;1,24385382059801;803,952991452992
remove;rollback_reorder_lazy;602;988,416;1,64188704318937;609,055296555297
remove;rollback_reorder_lazy;602;1208,064;2,00675083056478;498,317969908879
remove;rollback_reorder_lazy;602;1351,168;2,24446511627907;445,540450928382
remove;rollback_reorder_lazy;602;958,976;1,59298338870432;627,752936465563
remove;rollback_reorder_lazy;602;756,48;1,25661129568106;795,7910321489
remove;rollback_reorder_lazy;602;1154,816;1,91829900332226;521,295167368654
remove;rollback_reorder_lazy;602;1217,792;2,02291029900332;494,337292411184
remove;rollback_reorder_lazy;602;1210,624;2,01100332225914;497,26422076549
remove;rollback_reorder_lazy;1334;1757,696;1,3176131934033;758,948077483251
remove;rollback_reorder_lazy;1334;1338,112;1,00308245877061;996,927013583317
remove;rollback_reorder_lazy;1334;1948,672;1,4607736131934;684,568772990016
remove;rollback_reorder_lazy;1334;1927,68;1,44503748125937;692,023572377158
remove;rollback_reorder_lazy;1334;1580,288;1,18462368815592;844,149927101895
remove;rollback_reorder_lazy;1334;1346,048;1,00903148425787;991,049353366299
remove;rollback_reorder_lazy;1334;1564,16;1,17253373313343;852,853927986907
remove;rollback_reorder_lazy;1334;1495,808;1,12129535232384;891,825688858463
remove;rollback_reorder_lazy;1334;1953,792;1,46461169415292;682,77482966457
remove;rollback_reorder_lazy;1334;1575,936;1,18136131934033;846,481075373619
remove;rollback_reorder_lazy;3170;3047,168;0,961251735015773;1040,31021591196
remove;rollback_reorder_lazy;3170;3195,136;1,00792933753943;992,133042224181
remove;rollback_reorder_lazy;3170;3016,96;0,951722397476341;1050,72655918541
remove;rollback_reorder_lazy;3170;2587,904;0,816373501577287;1224,92951825106
remove;rollback_reorder_lazy;3170;2483,712;0,783505362776025;1276,31545042259
remove;rollback_reorder_lazy;3170;2833,408;0,893819558359621;1118,79404589808
remove;rollback_reorder_lazy;3170;2950,656;0,930806309148265;1074,33736769044
remove;rollback_reorder_lazy;3170;2556,16;0,806359621451104;1240,14146219329
remove;rollback_reorder_lazy;3170;2897,92;0,914170347003155;1093,88803003534
remove;rollback_reorder_lazy;3170;2660,096;0,839147003154574;1191,68631508036
remove;rollback_reorder_lazy;7264;6974,976;0,960211453744493;1041,43727519636
remove;rollback_reorder_lazy;7264;6818,816;0,938713656387665;1065,28758071783
remove;rollback_reorder_lazy;7264;6710,272;0,923770925110132;1082,51945673737
remove;rollback_reorder_lazy;7264;6819,072;0,938748898678414;1065,24758794159
remove;rollback_reorder_lazy;7264;7225,6;0,994713656387665;1005,31443755536
remove;rollback_reorder_lazy;7264;6790,4;0,934801762114537;1069,74552309142
remove;rollback_reorder_lazy;7264;7284,224;1,00278414096916;997,223588950587
remove;rollback_reorder_lazy;7264;6824,704;0,93952422907489;1064,36850594546
remove;rollback_reorder_lazy;7264;7282,688;1,00257268722467;997,433914510686
remove;rollback_reorder_lazy;7264;6819,072;0,938748898678414;1065,24758794159
remove;rollback_reorder_lazy;16977;29006,08;1,70855156977087;585,291083800362
remove;rollback_reorder_lazy;16977;30106,368;1,77336207810567;563,9006339124
remove;rollback_reorder_lazy;16977;29701,376;1,74950674441892;571,589679885538
remove;rollback_reorder_lazy;16977;30060,544;1,77066289686046;564,760238537267
remove;rollback_reorder_lazy;16977;29849,856;1,75825269482241;568,746462294492
remove;rollback_reorder_lazy;16977;29703,936;1,74965753666726;571,540418077928
remove;rollback_reorder_lazy;16977;29596,16;1,74330918301231;573,621713087103
remove;rollback_reorder_lazy;16977;30118,144;1,77405572244802;563,680152402485
remove;rollback_reorder_lazy;16977;29146,624;1,71683006420451;582,468830695452
remove;rollback_reorder_lazy;16977;29584,896;1,74264569711963;573,840110845751
remove;rollback_reorder_lazy;39441;76954,112;1,95111969777643;512,526218222101
remove;rollback_reorder_lazy;39441;77271,552;1,95916817524911;510,420704375137
remove;rollback_reorder_lazy;39441;78013,44;1,97797824598768;505,566733116755
remove;rollback_reorder_lazy;39441;77837,056;1,97350614842423;506,71238131103
remove;rollback_reorder_lazy;39441;77767,424;1,97174067594635;507,166085377857
remove;rollback_reorder_lazy;39441;77551,104;1,96625602799118;508,580767592941
remove;rollback_reorder_lazy;39441;77388,288;1,96212793793261;509,650762658039
remove;rollback_reorder_lazy;39441;77766,656;1,97172120382343;507,171093996893
remove;rollback_reorder_lazy;39441;77669,888;1,96926771633579;507,802972498171
remove;rollback_reorder_lazy;39441;77515,008;1,96534083821404;508,81759568418
remove;rollback_reorder_lazy;92161;243919,36;2,64666572628335;377,833887396228
remove;rollback_reorder_lazy;92161;244449,792;2,65242121938781;377,014025031365
remove;rollback_reorder_lazy;92161;246092,288;2,67024324822864;374,49771688904
remove;rollback_reorder_lazy;92161;245981,952;2,66904603899697;374,665699050961
remove;rollback_reorder_lazy;92161;245558,784;2,66445442215254;375,311355182472
remove;rollback_reorder_lazy;92161;245579,52;2,66467941971116;375,279665014412
remove;rollback_reorder_lazy;92161;244096,0;2,64858237215308;377,560468012585
remove;rollback_reorder_lazy;92161;245471,488;2,66350721020822;375,444825592127
remove;rollback_reorder_lazy;92161;245409,792;2,66283777302764;375,53921238807
remove;rollback_reorder_lazy;92161;245838,08;2,66748494482482;374,884964933016
remove;rollback_reorder_lazy;214686;437786,624;2,03919502901913;490,389583031208
remove;rollback_reorder_lazy;214686;441717,504;2,05750493278556;486,025566240635
remove;rollback_reorder_lazy;214686;443034,624;2,06364003241944;484,580636298079
remove;rollback_reorder_lazy;214686;446443,52;2,07951855267693;480,880537811368
remove;rollback_reorder_lazy;214686;446327,296;2,07897718528455;481,005759504344
remove;rollback_reorder_lazy;214686;441942,528;2,05855308683379;485,778096467783
remove;rollback_reorder_lazy;214686;445388,032;2,07460212589549;482,020136544666
remove;rollback_reorder_lazy;214686;443079,936;2,06385109415612;484,531080188655
remove;rollback_reorder_lazy;214686;443016,704;2,06355656167612;484,600237556731
remove;rollback_reorder_lazy;214686;438739,456;2,04363328768527;489,324579916514
remove;rollback_reorder_lazy;499474;1572296,704;3,14790500406428;317,671593872399
remove;rollback_reorder_lazy;499474;1575985,408;3,1552901812707;316,928061303471
remove;rollback_reorder_lazy;499474;1577419,52;3,15816142581996;316,639925946904
remove;rollback_reorder_lazy;499474;1575517,952;3,15435428470751;317,022093823784
remove;rollback_reorder_lazy;499474;1579853,824;3,16303516098936;316,15203407578
remove;rollback_reorder_lazy;499474;1563058,944;3,12941002734877;319,549049584659
remove;rollback_reorder_lazy;499474;1593056,512;3,18946834469862;313,531878020408
remove;rollback_reorder_lazy;499474;1575394,56;3,15410724081734;317,04692442254
remove;rollback_reorder_lazy;499474;1575640,064;3,15459876590173;316,997524632631
remove;rollback_reorder_lazy;499474;1582859,008;3,1690518585552;315,551794237886
